{
 "description": "250 \u00e1tomos de arg\u00f4nio na superc\u00e9lula CCC de constante de rede 22,5 A",
 "cell": [
  22.499963249939974,
  22.499963249939974,
  22.499963249939974
 ],
 "molecules": [
  [
   4,
   1
  ]
 ],
 "thermodynamic": [
  NaN,
  NaN,
  NaN,
  NaN
 ],
 "atoms": [
  [
   1.0,
   1.008,
   0.0,
   0.0,
   0.0,
   0.0,
   NaN,
   NaN,
   NaN,
   0.0,
   0.0,
   0.0,
   0.0
  ],
  [
   1.0,
   1.008,
   0.0,
   0.9999983666639989,
   0.0,
   0.0,
   NaN,
   NaN,
   NaN,
   0.0,
   0.0,
   0.0,
   0.0
  ],
  [
   1.0,
   1.008,
   0.0,
   2.9999950999919966,
   0.0,
   0.0,
   NaN,
   NaN,
   NaN,
   0.0,
   0.0,
   0.0,
   0.0
  ],
  [
   1.0,
   1.008,
   0.0,
   3.9999934666559955,
   0.0,
   0.0,
   NaN,
   NaN,
   NaN,
   0.0,
   0.0,
   0.0,
   0.0
  ]
 ]
}